action_id,timestamp,session_id,shared_account_id,organisation_id,application,action_type,sensitivity,required_permission,user_permission,delegation_token,attributed_user_id,attribution_status,attribution_confidence,identity_evidence,justification,scenario_tag
ACT0024,2026-07-03T07:32:55,SESSION053,SACC004,ORG003,NetworkMonitor,CONFIGURE_VPN,HIGH,L3,L2,TOK-E584X24,USER008,ATTRIBUTED,HIGH,OTP_TOKEN,Scheduled maintenance window MW-3254,normal
ACT0003,2026-07-03T07:36:46,SESSION053,SACC004,ORG003,NetworkMonitor,CONFIGURE_VPN,HIGH,L3,L2,TOK-E584X24,USER008,ATTRIBUTED,HIGH,BIOMETRIC_AND_PIN,Authorised by supervisor -- ticket 6401,normal
ACT0043,2026-07-04T00:42:58,SESSION034,SACC006,ORG005,HRManagement,CREATE_EMPLOYEE,HIGH,L3,L1,TOK-J282U43,USER018,ATTRIBUTED,HIGH,SMARTCARD_AND_PIN,Incident response IR-7334,attributed
ACT0057,2026-07-04T03:27:37,SESSION060,SACC006,ORG002,HRManagement,MODIFY_SALARY,CRITICAL,L4,L4,TOK-F599G55,USER013,ATTRIBUTED,HIGH,OTP_TOKEN,Routine Security Admin duty -- ref 4048,attributed
ACT0010,2026-07-07T13:19:22,SESSION012,SACC004,ORG003,NetworkMonitor,BLOCK_IP_ADDRESS,HIGH,L3,L2,TOK-T335U38,USER008,ATTRIBUTED,HIGH,SMARTCARD_AND_PIN,Authorised by supervisor -- ticket 5846,normal
ACT0023,2026-07-07T18:36:35,SESSION002,SACC005,ORG002,CoreDatabase,DROP_TABLE,CRITICAL,L4,L4,TOK-U997Y50,USER013,ATTRIBUTED,HIGH,SMARTCARD_AND_PIN,Emergency change EC-1461,attributed
ACT0053,2026-07-07T21:28:57,SESSION013,SACC004,ORG001,NetworkMonitor,MODIFY_FIREWALL_RULE,CRITICAL,L4,L1,TOK-C626H45,USER002,ATTRIBUTED,HIGH,BIOMETRIC_AND_PIN,Emergency change EC-7001,attributed
ACT0056,2026-07-11T07:49:37,SESSION030,SACC004,ORG002,NetworkMonitor,PATCH_DEVICE_FIRMWARE,CRITICAL,L4,L2,TOK-P735Z29,UNKNOWN,UNATTRIBUTED,LOW,NONE,Vendor SLA task VT-5566,missing_evidence
ACT0034,2026-07-17T00:32:53,SESSION028,SACC005,ORG005,CoreDatabase,GRANT_DB_ACCESS,CRITICAL,L4,L1,TOK-P674A24,USER018,ATTRIBUTED,HIGH,OTP_TOKEN,Vendor SLA task VT-5155,external_partner
ACT0005,2026-07-17T15:20:47,SESSION054,SACC006,ORG001,HRManagement,TERMINATE_EMPLOYEE,CRITICAL,L4,L3,TOK-Y217F49,USER017,ATTRIBUTED,HIGH,OTP_TOKEN,Scheduled maintenance window MW-6731,high_privilege
ACT0038,2026-07-18T09:03:18,SESSION076,SACC001,ORG002,LegacyERP,APPROVE_PAYMENT,HIGH,L3,L4,TOK-J285U65,USER014,ATTRIBUTED,HIGH,BIOMETRIC_AND_PIN,Scheduled maintenance window MW-2033,high_privilege
ACT0006,2026-07-19T22:48:22,SESSION016,SACC004,ORG001,NetworkMonitor,PATCH_DEVICE_FIRMWARE,CRITICAL,L4,L4,TOK-P287J69,USER012,ATTRIBUTED,HIGH,OTP_TOKEN,Scheduled maintenance window MW-2388,high_privilege
ACT0054,2026-07-22T02:23:56,SESSION040,SACC008,ORG005,AuditTrailSystem,SEARCH_LOG_ENTRIES,LOW,L1,L1,TOK-F774C46,USER018,ATTRIBUTED,MEDIUM,OTP_TOKEN,Scheduled maintenance window MW-8371,external_partner
ACT0052,2026-07-23T03:30:24,SESSION041,SACC005,ORG003,CoreDatabase,BACKUP_DATABASE,HIGH,L3,L2,TOK-A147H70,USER008,ATTRIBUTED,HIGH,PASSWORD_ONLY,Scheduled maintenance window MW-8179,normal
ACT0059,2026-07-23T17:59:55,SESSION064,SACC005,ORG003,CoreDatabase,BULK_DELETE_RECORDS,CRITICAL,L4,L2,TOK-L222Z78,NONE,PERMISSION_DENIED,N/A,NONE,Emergency change EC-5678,failed_permission
ACT0032,2026-07-24T14:23:28,SESSION009,SACC005,ORG001,CoreDatabase,RESTORE_DATABASE,CRITICAL,L4,L4,TOK-U180C72,USER012,ATTRIBUTED,HIGH,SMARTCARD_AND_PIN,Authorised by supervisor -- ticket 9576,normal
ACT0044,2026-07-26T22:20:53,SESSION007,SACC001,ORG004,LegacyERP,RESET_USER_PASSWORD,HIGH,L3,L3,TOK-S208W48,UNKNOWN,UNATTRIBUTED,LOW,NONE,Incident response IR-7018,missing_evidence
ACT0013,2026-07-30T16:45:56,SESSION066,SACC003,ORG001,GovPortal,EXPORT_CITIZEN_DATA,HIGH,L3,L4,TOK-E380B16,NONE,PERMISSION_DENIED,N/A,OTP_TOKEN,Routine Security Admin duty -- ref 7731,failed_permission
ACT0014,2026-07-31T14:52:43,SESSION011,SACC004,ORG005,NetworkMonitor,BLOCK_IP_ADDRESS,HIGH,L3,L1,TOK-W482Q76,USER018,ATTRIBUTED,HIGH,SMARTCARD_AND_PIN,Incident response IR-5668,attributed
ACT0035,2026-07-31T19:41:07,SESSION035,SACC006,ORG004,HRManagement,MODIFY_SALARY,CRITICAL,L4,L3,TOK-D494U34,USER015,ATTRIBUTED,HIGH,OTP_TOKEN,Vendor SLA task VT-4950,high_privilege
ACT0001,2026-08-01T15:28:52,SESSION059,SACC005,ORG002,CoreDatabase,DROP_TABLE,CRITICAL,L4,L4,TOK-C385Q41,UNKNOWN,UNATTRIBUTED,LOW,NONE,Vendor SLA task VT-5634,missing_evidence
ACT0047,2026-08-06T05:06:15,SESSION029,SACC001,ORG002,LegacyERP,MODIFY_BUDGET_ENTRY,HIGH,L3,L4,TOK-E142K56,USER014,ATTRIBUTED,HIGH,BIOMETRIC_AND_PIN,Authorised by supervisor -- ticket 6372,high_privilege
ACT0026,2026-08-07T03:41:01,SESSION051,SACC005,ORG001,CoreDatabase,BACKUP_DATABASE,HIGH,L3,L1,TOK-L445N45,USER002,ATTRIBUTED,HIGH,PASSWORD_ONLY,Authorised by supervisor -- ticket 1311,normal
ACT0039,2026-08-07T14:58:41,SESSION042,SACC004,ORG004,NetworkMonitor,MODIFY_FIREWALL_RULE,CRITICAL,L4,L3,TOK-W804A23,USER015,ATTRIBUTED,HIGH,VPN_CERTIFICATE,Emergency change EC-1717,external_partner
ACT0042,2026-08-08T14:34:08,SESSION050,SACC001,ORG001,LegacyERP,EXPORT_PAYROLL_DATA,HIGH,L3,L4,TOK-C758P27,USER011,ATTRIBUTED,HIGH,BIOMETRIC_AND_PIN,Audit requirement AR-3039,high_privilege
ACT0028,2026-08-09T06:46:45,SESSION018,SACC004,ORG004,NetworkMonitor,CONFIGURE_VPN,HIGH,L3,L2,TOK-A499J68,USER016,ATTRIBUTED,HIGH,BIOMETRIC_AND_PIN,Authorised by supervisor -- ticket 1782,normal
ACT0022,2026-08-09T10:07:00,SESSION038,SACC006,ORG002,HRManagement,TERMINATE_EMPLOYEE,CRITICAL,L4,L4,TOK-E296P95,USER014,ATTRIBUTED,HIGH,SMARTCARD_AND_PIN,Vendor SLA task VT-4862,normal
ACT0027,2026-08-09T13:12:34,SESSION021,SACC004,ORG001,NetworkMonitor,BLOCK_IP_ADDRESS,HIGH,L3,L1,TOK-U352U86,USER003,ATTRIBUTED,HIGH,SMARTCARD_AND_PIN,Data correction request CR-2821,attributed
ACT0011,2026-08-09T18:55:11,SESSION039,SACC005,ORG002,CoreDatabase,GRANT_DB_ACCESS,CRITICAL,L4,L2,TOK-K393G65,UNKNOWN,UNATTRIBUTED,LOW,NONE,Vendor SLA task VT-3147,missing_evidence
ACT0030,2026-08-09T23:52:05,SESSION077,SACC006,ORG004,HRManagement,TERMINATE_EMPLOYEE,CRITICAL,L4,L2,TOK-D978F52,USER016,ATTRIBUTED,HIGH,BIOMETRIC_AND_PIN,Emergency change EC-3352,normal
ACT0037,2026-08-11T08:30:42,SESSION005,SACC003,ORG002,GovPortal,APPROVE_CITIZEN_REQUEST,HIGH,L3,L1,TOK-N710Q77,USER005,ATTRIBUTED,HIGH,BIOMETRIC_AND_PIN,Scheduled maintenance window MW-8612,normal
ACT0025,2026-08-11T15:10:21,SESSION073,SACC004,ORG001,NetworkMonitor,PATCH_DEVICE_FIRMWARE,CRITICAL,L4,L3,TOK-E372E19,USER017,ATTRIBUTED,HIGH,OTP_TOKEN,Scheduled maintenance window MW-8685,high_privilege
ACT0033,2026-08-12T07:15:04,SESSION075,SACC001,ORG001,LegacyERP,BULK_DATA_IMPORT,HIGH,L3,L1,TOK-J126C39,USER003,ATTRIBUTED,HIGH,SMARTCARD_AND_PIN,Routine Policy Analyst duty -- ref 7397,normal
ACT0045,2026-08-12T14:51:53,SESSION058,SACC003,ORG004,GovPortal,APPROVE_CITIZEN_REQUEST,HIGH,L3,L3,TOK-W376V78,NONE,PERMISSION_DENIED,N/A,NONE,Authorised by supervisor -- ticket 7955,failed_permission
ACT0012,2026-08-12T15:47:37,SESSION049,SACC005,ORG003,CoreDatabase,BULK_DELETE_RECORDS,CRITICAL,L4,L2,TOK-L784X61,USER008,ATTRIBUTED,HIGH,PASSWORD_ONLY,Scheduled maintenance window MW-3658,normal
ACT0009,2026-08-12T23:34:33,SESSION074,SACC005,ORG004,CoreDatabase,RESTORE_DATABASE,CRITICAL,L4,L2,TOK-Y512J74,USER016,ATTRIBUTED,HIGH,VPN_CERTIFICATE,Incident response IR-4145,external_partner
ACT0040,2026-08-12T23:51:25,SESSION074,SACC005,ORG004,CoreDatabase,DROP_TABLE,CRITICAL,L4,L2,TOK-Y512J74,USER016,ATTRIBUTED,HIGH,OTP_TOKEN,Data correction request CR-9897,external_partner
ACT0007,2026-08-15T17:01:30,SESSION015,SACC007,ORG002,ProcurementHub,GENERATE_PURCHASE_ORDER,HIGH,L3,L4,TOK-W761D17,USER014,ATTRIBUTED,HIGH,SMARTCARD_AND_PIN,Vendor SLA task VT-3093,normal
ACT0029,2026-08-19T11:22:55,SESSION024,SACC004,ORG005,NetworkMonitor,PATCH_DEVICE_FIRMWARE,CRITICAL,L4,L1,TOK-M170H57,USER018,ATTRIBUTED,HIGH,SMARTCARD_AND_PIN,Authorised by supervisor -- ticket 2816,normal
ACT0016,2026-08-20T19:50:21,SESSION036,SACC001,ORG001,LegacyERP,EXPORT_PAYROLL_DATA,HIGH,L3,L3,TOK-Z854X35,USER017,ATTRIBUTED,HIGH,BIOMETRIC_AND_PIN,Incident response IR-8564,high_privilege
ACT0004,2026-08-20T19:53:52,SESSION036,SACC001,ORG001,LegacyERP,EXPORT_PAYROLL_DATA,HIGH,L3,L3,TOK-Z854X35,USER017,ATTRIBUTED,HIGH,SMARTCARD_AND_PIN,Audit requirement AR-3463,high_privilege
ACT0051,2026-08-22T17:38:01,SESSION008,SACC003,ORG001,GovPortal,EXPORT_CITIZEN_DATA,HIGH,L3,L4,TOK-A713L72,USER012,ATTRIBUTED,HIGH,SMARTCARD_AND_PIN,Vendor SLA task VT-9406,attributed
ACT0050,2026-08-23T01:09:21,SESSION047,SACC006,ORG004,HRManagement,CREATE_EMPLOYEE,HIGH,L3,L3,TOK-P498U99,USER015,ATTRIBUTED,HIGH,PASSWORD_ONLY,Routine Compliance Reviewer duty -- ref 2229,external_partner
ACT0041,2026-08-23T16:11:50,SESSION080,SACC005,ORG002,CoreDatabase,BACKUP_DATABASE,HIGH,L3,L2,TOK-Q815R25,USER007,ATTRIBUTED,HIGH,SMARTCARD_AND_PIN,Emergency change EC-5687,attributed
ACT0058,2026-08-24T07:23:59,SESSION061,SACC005,ORG001,CoreDatabase,BULK_DELETE_RECORDS,CRITICAL,L4,L4,TOK-C347Z62,USER012,ATTRIBUTED,HIGH,OTP_TOKEN,Authorised by supervisor -- ticket 5288,high_privilege
ACT0049,2026-08-24T07:30:17,SESSION061,SACC005,ORG001,CoreDatabase,DROP_TABLE,CRITICAL,L4,L4,TOK-C347Z62,USER012,ATTRIBUTED,HIGH,OTP_TOKEN,Incident response IR-1693,high_privilege
ACT0055,2026-08-24T07:42:21,SESSION061,SACC005,ORG001,CoreDatabase,BULK_DELETE_RECORDS,CRITICAL,L4,L4,TOK-C347Z62,USER012,ATTRIBUTED,HIGH,BIOMETRIC_AND_PIN,Authorised by supervisor -- ticket 3255,high_privilege
ACT0031,2026-08-24T07:45:10,SESSION061,SACC005,ORG001,CoreDatabase,BACKUP_DATABASE,HIGH,L3,L4,TOK-C347Z62,USER012,ATTRIBUTED,HIGH,BIOMETRIC_AND_PIN,Vendor SLA task VT-4941,high_privilege
ACT0019,2026-08-25T18:57:13,SESSION014,SACC003,ORG004,GovPortal,UPDATE_CITIZEN_RECORD,HIGH,L3,L2,TOK-P294D22,USER016,ATTRIBUTED,HIGH,OTP_TOKEN,Authorised by supervisor -- ticket 3626,external_partner
ACT0060,2026-08-26T05:48:16,SESSION055,SACC005,ORG001,CoreDatabase,RESTORE_DATABASE,CRITICAL,L4,L1,TOK-N506Y35,USER001,ATTRIBUTED,HIGH,BIOMETRIC_AND_PIN,Authorised by supervisor -- ticket 3223,attributed
ACT0002,2026-08-27T01:58:00,SESSION020,SACC001,ORG004,LegacyERP,RESET_USER_PASSWORD,HIGH,L3,L3,TOK-F158S20,USER015,ATTRIBUTED,HIGH,OTP_TOKEN,Vendor SLA task VT-1857,high_privilege
ACT0036,2026-08-27T11:25:47,SESSION070,SACC005,ORG004,CoreDatabase,BACKUP_DATABASE,HIGH,L3,L3,TOK-V161V22,USER015,ATTRIBUTED,HIGH,OTP_TOKEN,Vendor SLA task VT-3185,normal
ACT0046,2026-08-29T17:39:47,SESSION025,SACC005,ORG004,CoreDatabase,MODIFY_SCHEMA,CRITICAL,L4,L3,TOK-A783T48,NONE,PERMISSION_DENIED,N/A,NONE,Scheduled maintenance window MW-9937,failed_permission
ACT0021,2026-08-30T20:08:04,SESSION037,SACC006,ORG001,HRManagement,EXPORT_HR_DATA,HIGH,L3,L1,TOK-D837K74,NONE,PERMISSION_DENIED,N/A,NONE,Routine Policy Analyst duty -- ref 7797,failed_permission
ACT0015,2026-09-01T11:51:28,SESSION001,SACC005,ORG001,CoreDatabase,MODIFY_SCHEMA,CRITICAL,L4,L3,TOK-L963B39,USER017,ATTRIBUTED,HIGH,SMARTCARD_AND_PIN,Emergency change EC-6070,high_privilege
ACT0018,2026-09-02T00:46:24,SESSION023,SACC003,ORG004,GovPortal,APPROVE_CITIZEN_REQUEST,HIGH,L3,L3,TOK-A569V82,USER015,ATTRIBUTED,MEDIUM,VPN_CERTIFICATE,Incident response IR-7081,external_partner
ACT0048,2026-09-02T01:51:51,SESSION062,SACC008,ORG004,AuditTrailSystem,EXPORT_AUDIT_REPORT,MEDIUM,L2,L3,TOK-C401H61,USER015,ATTRIBUTED,HIGH,OTP_TOKEN,Data correction request CR-3730,external_partner
ACT0020,2026-09-03T09:36:00,SESSION010,SACC003,ORG002,GovPortal,DELETE_CITIZEN_RECORD,CRITICAL,L4,L1,TOK-F371S87,USER005,ATTRIBUTED,HIGH,BIOMETRIC_AND_PIN,Data correction request CR-2502,attributed
ACT0008,2026-09-03T10:21:24,SESSION033,SACC001,ORG004,LegacyERP,RESET_USER_PASSWORD,HIGH,L3,L2,TOK-C891J54,USER016,ATTRIBUTED,HIGH,VPN_CERTIFICATE,Routine Internal Auditor duty -- ref 6940,external_partner
ACT0017,2026-09-03T11:09:09,SESSION071,SACC005,ORG002,CoreDatabase,MODIFY_SCHEMA,CRITICAL,L4,L2,TOK-F665C30,USER007,ATTRIBUTED,HIGH,PASSWORD_ONLY,Data correction request CR-3655,normal
