log_id,timestamp,session_id,shared_account_id,application,action,organisation_id,device_id,identity_evidence,log_status,individual_identified,sensitivity
LOG0104,2026-07-01T21:44:19,SESSION048,SACC008,AuditTrailSystem,EXPORT_AUDIT_REPORT,ORG002,LT-73993,SMARTCARD_AND_PIN,RECORDED,NO,MEDIUM
LOG0105,2026-07-01T21:47:34,SESSION048,SACC008,AuditTrailSystem,VIEW_AUDIT_LOG,ORG002,LT-73993,BIOMETRIC_AND_PIN,RECORDED,NO,LOW
LOG0081,2026-07-02T12:34:49,SESSION067,SACC002,LegacyERP,RESET_USER_PASSWORD,ORG004,WS-43092,BIOMETRIC_AND_PIN,RECORDED,NO,HIGH
LOG0082,2026-07-02T12:44:02,SESSION067,SACC002,LegacyERP,EXPORT_PAYROLL_DATA,ORG004,WS-43092,BIOMETRIC_AND_PIN,RECORDED,NO,HIGH
LOG0083,2026-07-02T12:52:49,SESSION067,SACC002,LegacyERP,GENERATE_FINANCIAL_STATEMENT,ORG004,WS-43092,SMARTCARD_AND_PIN,RECORDED,NO,MEDIUM
LOG0091,2026-07-03T05:09:58,SESSION052,SACC008,AuditTrailSystem,LOGIN,ORG002,WS-14067,OTP_TOKEN,RECORDED,NO,LOW
LOG0092,2026-07-03T05:16:29,SESSION052,SACC008,AuditTrailSystem,VIEW_AUDIT_LOG,ORG002,WS-14067,OTP_TOKEN,RECORDED,NO,LOW
LOG0059,2026-07-04T00:18:50,SESSION034,SACC006,HRManagement,PROCESS_PAYROLL,ORG005,WS-24208,BIOMETRIC_AND_PIN,RECORDED,NO,HIGH
LOG0014,2026-07-06T05:01:02,SESSION043,SACC008,AuditTrailSystem,VIEW_AUDIT_LOG,ORG002,SRV-68008,PASSWORD_ONLY,RECORDED,NO,LOW
LOG0015,2026-07-06T05:04:11,SESSION043,SACC008,AuditTrailSystem,LOGIN,ORG002,SRV-68008,BIOMETRIC_AND_PIN,RECORDED,NO,LOW
LOG0016,2026-07-06T05:08:27,SESSION043,SACC008,AuditTrailSystem,ARCHIVE_LOG_ENTRIES,ORG002,SRV-68008,PASSWORD_ONLY,RECORDED,NO,MEDIUM
LOG0022,2026-07-06T05:52:45,SESSION017,SACC002,LegacyERP,EXPORT_PAYROLL_DATA,ORG004,MB-73653,SMARTCARD_AND_PIN,RECORDED,NO,HIGH
LOG0023,2026-07-06T05:59:28,SESSION017,SACC002,LegacyERP,BULK_DATA_IMPORT,ORG004,MB-73653,SMARTCARD_AND_PIN,RECORDED,NO,HIGH
LOG0121,2026-07-07T16:15:40,SESSION068,SACC002,LegacyERP,EXPORT_PAYROLL_DATA,ORG005,LT-83772,OTP_TOKEN,RECORDED,NO,HIGH
LOG0122,2026-07-07T16:17:52,SESSION068,SACC002,LegacyERP,LOGIN,ORG005,LT-83772,OTP_TOKEN,RECORDED,NO,LOW
LOG0108,2026-07-07T21:03:14,SESSION013,SACC004,NetworkMonitor,MODIFY_FIREWALL_RULE,ORG001,MB-38080,SMARTCARD_AND_PIN,RECORDED,NO,CRITICAL
LOG0109,2026-07-07T21:09:42,SESSION013,SACC004,NetworkMonitor,MODIFY_FIREWALL_RULE,ORG001,MB-38080,OTP_TOKEN,RECORDED,NO,CRITICAL
LOG0118,2026-07-11T07:31:35,SESSION030,SACC004,NetworkMonitor,LOGIN,ORG002,LT-31299,NONE,ANONYMOUS_ACTION,NO,LOW
LOG0119,2026-07-11T07:31:52,SESSION030,SACC004,NetworkMonitor,VIEW_NETWORK_TOPOLOGY,ORG002,LT-31299,NONE,ANONYMOUS_ACTION,NO,MEDIUM
LOG0120,2026-07-11T07:37:10,SESSION030,SACC004,NetworkMonitor,VIEW_NETWORK_TOPOLOGY,ORG002,LT-31299,NONE,ANONYMOUS_ACTION,NO,MEDIUM
LOG0034,2026-07-11T17:24:42,SESSION026,SACC002,LegacyERP,GENERATE_FINANCIAL_STATEMENT,ORG002,LT-93130,SMARTCARD_AND_PIN,RECORDED,NO,MEDIUM
LOG0035,2026-07-11T17:28:17,SESSION026,SACC002,LegacyERP,MODIFY_BUDGET_ENTRY,ORG002,LT-93130,OTP_TOKEN,RECORDED,NO,HIGH
LOG0036,2026-07-11T17:34:41,SESSION026,SACC002,LegacyERP,EXPORT_PAYROLL_DATA,ORG002,LT-93130,SMARTCARD_AND_PIN,RECORDED,NO,HIGH
LOG0064,2026-07-14T18:26:05,SESSION046,SACC002,LegacyERP,APPROVE_PAYMENT,ORG001,WS-64377,PASSWORD_ONLY,RECORDED,NO,HIGH
LOG0084,2026-07-16T08:42:09,SESSION019,SACC008,AuditTrailSystem,SEARCH_LOG_ENTRIES,ORG005,WS-51104,PASSWORD_ONLY,RECORDED,NO,LOW
LOG0085,2026-07-16T08:49:39,SESSION019,SACC008,AuditTrailSystem,ARCHIVE_LOG_ENTRIES,ORG005,WS-51104,PASSWORD_ONLY,RECORDED,NO,MEDIUM
LOG0086,2026-07-16T08:56:52,SESSION019,SACC008,AuditTrailSystem,EXPORT_AUDIT_REPORT,ORG005,WS-51104,BIOMETRIC_AND_PIN,RECORDED,NO,MEDIUM
LOG0043,2026-07-17T00:30:47,SESSION028,SACC005,CoreDatabase,BULK_DELETE_RECORDS,ORG005,WS-29536,PASSWORD_ONLY,RECORDED,NO,CRITICAL
LOG0044,2026-07-17T00:37:27,SESSION028,SACC005,CoreDatabase,MODIFY_SCHEMA,ORG005,WS-29536,VPN_CERTIFICATE,RECORDED,NO,CRITICAL
LOG0045,2026-07-17T00:41:36,SESSION028,SACC005,CoreDatabase,VIEW_SENSITIVE_TABLE,ORG005,WS-29536,VPN_CERTIFICATE,RECORDED,NO,HIGH
LOG0127,2026-07-17T14:58:37,SESSION054,SACC006,HRManagement,EXPORT_HR_DATA,ORG001,WS-85849,BIOMETRIC_AND_PIN,RECORDED,NO,HIGH
LOG0128,2026-07-17T15:08:34,SESSION054,SACC006,HRManagement,PROCESS_PAYROLL,ORG001,WS-85849,OTP_TOKEN,RECORDED,NO,HIGH
LOG0017,2026-07-23T03:27:02,SESSION041,SACC005,CoreDatabase,BULK_DELETE_RECORDS,ORG003,WS-69692,BIOMETRIC_AND_PIN,RECORDED,NO,CRITICAL
LOG0018,2026-07-23T03:31:33,SESSION041,SACC005,CoreDatabase,LOGIN,ORG003,WS-69692,BIOMETRIC_AND_PIN,RECORDED,NO,LOW
LOG0137,2026-07-23T17:11:33,SESSION064,SACC005,CoreDatabase,MODIFY_SCHEMA,ORG003,LT-35105,OTP_TOKEN,PERMISSION_DENIED,NO,CRITICAL
LOG0138,2026-07-23T17:15:01,SESSION064,SACC005,CoreDatabase,DROP_TABLE,ORG003,LT-35105,OTP_TOKEN,PERMISSION_DENIED,NO,CRITICAL
LOG0139,2026-07-23T17:17:42,SESSION064,SACC005,CoreDatabase,BACKUP_DATABASE,ORG003,LT-35105,PASSWORD_ONLY,PERMISSION_DENIED,NO,HIGH
LOG0103,2026-07-24T13:57:51,SESSION009,SACC005,CoreDatabase,RESTORE_DATABASE,ORG001,WS-79822,OTP_TOKEN,RECORDED,NO,CRITICAL
LOG0067,2026-07-25T10:19:36,SESSION069,SACC002,LegacyERP,EXPORT_PAYROLL_DATA,ORG002,MB-69049,SMARTCARD_AND_PIN,RECORDED,NO,HIGH
LOG0068,2026-07-25T10:21:38,SESSION069,SACC002,LegacyERP,LOGIN,ORG002,MB-69049,SMARTCARD_AND_PIN,RECORDED,NO,LOW
LOG0069,2026-07-25T10:22:03,SESSION069,SACC002,LegacyERP,RESET_USER_PASSWORD,ORG002,MB-69049,SMARTCARD_AND_PIN,RECORDED,NO,HIGH
LOG0129,2026-07-25T17:09:17,SESSION027,SACC008,AuditTrailSystem,LOGIN,ORG003,WS-53719,BIOMETRIC_AND_PIN,RECORDED,NO,LOW
LOG0130,2026-07-25T17:09:48,SESSION027,SACC008,AuditTrailSystem,EXPORT_AUDIT_REPORT,ORG003,WS-53719,PASSWORD_ONLY,RECORDED,NO,MEDIUM
LOG0052,2026-07-26T21:44:27,SESSION007,SACC001,LegacyERP,RESET_USER_PASSWORD,ORG004,LT-30032,NONE,ANONYMOUS_ACTION,NO,HIGH
LOG0053,2026-07-26T21:53:50,SESSION007,SACC001,LegacyERP,GENERATE_FINANCIAL_STATEMENT,ORG004,LT-30032,NONE,ANONYMOUS_ACTION,NO,MEDIUM
LOG0080,2026-07-28T04:17:26,SESSION065,SACC008,AuditTrailSystem,EXPORT_AUDIT_REPORT,ORG004,SRV-39816,OTP_TOKEN,RECORDED,NO,MEDIUM
LOG0030,2026-07-29T14:41:00,SESSION072,SACC008,AuditTrailSystem,EXPORT_AUDIT_REPORT,ORG004,WS-40595,PASSWORD_ONLY,RECORDED,NO,MEDIUM
LOG0031,2026-07-29T14:42:49,SESSION072,SACC008,AuditTrailSystem,LOGIN,ORG004,WS-40595,OTP_TOKEN,RECORDED,NO,LOW
LOG0032,2026-07-29T14:50:30,SESSION072,SACC008,AuditTrailSystem,LOGIN,ORG004,WS-40595,OTP_TOKEN,RECORDED,NO,LOW
LOG0074,2026-07-30T14:44:18,SESSION056,SACC002,LegacyERP,APPROVE_PAYMENT,ORG001,MB-96706,OTP_TOKEN,RECORDED,NO,HIGH
LOG0075,2026-07-30T14:45:12,SESSION056,SACC002,LegacyERP,EXPORT_PAYROLL_DATA,ORG001,MB-96706,BIOMETRIC_AND_PIN,RECORDED,NO,HIGH
LOG0070,2026-07-30T16:20:04,SESSION066,SACC003,GovPortal,APPROVE_CITIZEN_REQUEST,ORG001,SRV-26551,PASSWORD_ONLY,RECORDED,NO,HIGH
LOG0054,2026-07-31T14:21:05,SESSION011,SACC004,NetworkMonitor,CONFIGURE_VPN,ORG005,MB-25860,SMARTCARD_AND_PIN,RECORDED,NO,HIGH
LOG0055,2026-07-31T14:29:36,SESSION011,SACC004,NetworkMonitor,BLOCK_IP_ADDRESS,ORG005,MB-25860,BIOMETRIC_AND_PIN,RECORDED,NO,HIGH
LOG0131,2026-07-31T18:55:16,SESSION035,SACC006,HRManagement,MODIFY_SALARY,ORG004,SRV-15817,SMARTCARD_AND_PIN,RECORDED,NO,CRITICAL
LOG0132,2026-07-31T19:02:53,SESSION035,SACC006,HRManagement,TERMINATE_EMPLOYEE,ORG004,SRV-15817,SMARTCARD_AND_PIN,RECORDED,NO,CRITICAL
LOG0133,2026-07-31T19:07:12,SESSION035,SACC006,HRManagement,PROCESS_PAYROLL,ORG004,SRV-15817,OTP_TOKEN,RECORDED,NO,HIGH
LOG0033,2026-08-01T15:01:26,SESSION059,SACC005,CoreDatabase,BULK_DELETE_RECORDS,ORG002,MB-84691,NONE,ANONYMOUS_ACTION,NO,CRITICAL
LOG0001,2026-08-05T11:30:46,SESSION004,SACC007,ProcurementHub,MODIFY_CONTRACT,ORG002,WS-24371,BIOMETRIC_AND_PIN,RECORDED,NO,HIGH
LOG0089,2026-08-07T03:22:33,SESSION051,SACC005,CoreDatabase,RESTORE_DATABASE,ORG001,MB-43065,BIOMETRIC_AND_PIN,RECORDED,NO,CRITICAL
LOG0090,2026-08-07T03:23:51,SESSION051,SACC005,CoreDatabase,BACKUP_DATABASE,ORG001,MB-43065,SMARTCARD_AND_PIN,RECORDED,NO,HIGH
LOG0076,2026-08-07T11:23:12,SESSION032,SACC002,LegacyERP,BULK_DATA_IMPORT,ORG002,SRV-39831,BIOMETRIC_AND_PIN,RECORDED,NO,HIGH
LOG0046,2026-08-07T14:44:04,SESSION042,SACC004,NetworkMonitor,BLOCK_IP_ADDRESS,ORG004,MB-38683,VPN_CERTIFICATE,RECORDED,NO,HIGH
LOG0047,2026-08-07T14:45:18,SESSION042,SACC004,NetworkMonitor,CONFIGURE_VPN,ORG004,MB-38683,OTP_TOKEN,RECORDED,NO,HIGH
LOG0005,2026-08-08T14:08:01,SESSION050,SACC001,LegacyERP,VIEW_FINANCIAL_REPORT,ORG001,MB-33819,BIOMETRIC_AND_PIN,RECORDED,NO,MEDIUM
LOG0006,2026-08-08T14:17:17,SESSION050,SACC001,LegacyERP,GENERATE_FINANCIAL_STATEMENT,ORG001,MB-33819,BIOMETRIC_AND_PIN,RECORDED,NO,MEDIUM
LOG0007,2026-08-08T14:25:46,SESSION050,SACC001,LegacyERP,LOGIN,ORG001,MB-33819,OTP_TOKEN,RECORDED,NO,LOW
LOG0099,2026-08-09T06:29:29,SESSION018,SACC004,NetworkMonitor,PATCH_DEVICE_FIRMWARE,ORG004,SRV-65444,SMARTCARD_AND_PIN,RECORDED,NO,CRITICAL
LOG0134,2026-08-09T09:39:39,SESSION038,SACC006,HRManagement,LOGIN,ORG002,MB-98777,BIOMETRIC_AND_PIN,RECORDED,NO,LOW
LOG0135,2026-08-09T09:45:06,SESSION038,SACC006,HRManagement,CREATE_EMPLOYEE,ORG002,MB-98777,OTP_TOKEN,RECORDED,NO,HIGH
LOG0136,2026-08-09T09:49:02,SESSION038,SACC006,HRManagement,MODIFY_SALARY,ORG002,MB-98777,PASSWORD_ONLY,RECORDED,NO,CRITICAL
LOG0107,2026-08-09T18:13:25,SESSION039,SACC005,CoreDatabase,GRANT_DB_ACCESS,ORG002,SRV-70946,NONE,ANONYMOUS_ACTION,NO,CRITICAL
LOG0077,2026-08-09T23:31:12,SESSION077,SACC006,HRManagement,LOGIN,ORG004,MB-74942,BIOMETRIC_AND_PIN,RECORDED,NO,LOW
LOG0078,2026-08-09T23:38:56,SESSION077,SACC006,HRManagement,LOGIN,ORG004,MB-74942,SMARTCARD_AND_PIN,RECORDED,NO,LOW
LOG0079,2026-08-09T23:44:35,SESSION077,SACC006,HRManagement,EXPORT_HR_DATA,ORG004,MB-74942,PASSWORD_ONLY,RECORDED,NO,HIGH
LOG0124,2026-08-10T10:56:11,SESSION079,SACC008,AuditTrailSystem,VIEW_AUDIT_LOG,ORG005,MB-16764,OTP_TOKEN,RECORDED,NO,LOW
LOG0125,2026-08-10T10:57:34,SESSION079,SACC008,AuditTrailSystem,ARCHIVE_LOG_ENTRIES,ORG005,MB-16764,SMARTCARD_AND_PIN,RECORDED,NO,MEDIUM
LOG0126,2026-08-10T11:05:10,SESSION079,SACC008,AuditTrailSystem,LOGIN,ORG005,MB-16764,BIOMETRIC_AND_PIN,RECORDED,NO,LOW
LOG0100,2026-08-11T07:42:14,SESSION005,SACC003,GovPortal,UPDATE_CITIZEN_RECORD,ORG002,SRV-82512,SMARTCARD_AND_PIN,RECORDED,NO,HIGH
LOG0101,2026-08-11T07:47:09,SESSION005,SACC003,GovPortal,APPROVE_CITIZEN_REQUEST,ORG002,SRV-82512,PASSWORD_ONLY,RECORDED,NO,HIGH
LOG0102,2026-08-11T07:54:38,SESSION005,SACC003,GovPortal,VIEW_AUDIT_LOG,ORG002,SRV-82512,SMARTCARD_AND_PIN,RECORDED,NO,LOW
LOG0024,2026-08-11T14:38:44,SESSION073,SACC004,NetworkMonitor,BLOCK_IP_ADDRESS,ORG001,WS-31747,BIOMETRIC_AND_PIN,RECORDED,NO,HIGH
LOG0025,2026-08-11T14:48:42,SESSION073,SACC004,NetworkMonitor,MODIFY_FIREWALL_RULE,ORG001,WS-31747,OTP_TOKEN,RECORDED,NO,CRITICAL
LOG0037,2026-08-12T06:41:59,SESSION075,SACC001,LegacyERP,EXPORT_PAYROLL_DATA,ORG001,WS-98117,OTP_TOKEN,RECORDED,NO,HIGH
LOG0038,2026-08-12T06:44:06,SESSION075,SACC001,LegacyERP,BULK_DATA_IMPORT,ORG001,WS-98117,SMARTCARD_AND_PIN,RECORDED,NO,HIGH
LOG0026,2026-08-12T14:45:30,SESSION058,SACC003,GovPortal,EXPORT_CITIZEN_DATA,ORG004,MB-70931,NONE,ANONYMOUS_ACTION,NO,HIGH
LOG0011,2026-08-12T15:34:17,SESSION049,SACC005,CoreDatabase,MODIFY_SCHEMA,ORG003,LT-71261,SMARTCARD_AND_PIN,RECORDED,NO,CRITICAL
LOG0071,2026-08-12T23:18:06,SESSION074,SACC005,CoreDatabase,GRANT_DB_ACCESS,ORG004,MB-67377,PASSWORD_ONLY,RECORDED,NO,CRITICAL
LOG0072,2026-08-12T23:20:12,SESSION074,SACC005,CoreDatabase,BACKUP_DATABASE,ORG004,MB-67377,OTP_TOKEN,RECORDED,NO,HIGH
LOG0073,2026-08-12T23:28:01,SESSION074,SACC005,CoreDatabase,MODIFY_SCHEMA,ORG004,MB-67377,PASSWORD_ONLY,RECORDED,NO,CRITICAL
LOG0040,2026-08-19T10:47:48,SESSION024,SACC004,NetworkMonitor,MODIFY_FIREWALL_RULE,ORG005,SRV-30676,SMARTCARD_AND_PIN,RECORDED,NO,CRITICAL
LOG0041,2026-08-19T10:54:42,SESSION024,SACC004,NetworkMonitor,LOGIN,ORG005,SRV-30676,OTP_TOKEN,RECORDED,NO,LOW
LOG0012,2026-08-19T10:58:26,SESSION057,SACC002,LegacyERP,RESET_USER_PASSWORD,ORG001,MB-57472,BIOMETRIC_AND_PIN,RECORDED,NO,HIGH
LOG0013,2026-08-19T11:01:05,SESSION057,SACC002,LegacyERP,APPROVE_PAYMENT,ORG001,MB-57472,BIOMETRIC_AND_PIN,RECORDED,NO,HIGH
LOG0042,2026-08-19T11:04:01,SESSION024,SACC004,NetworkMonitor,LOGIN,ORG005,SRV-30676,BIOMETRIC_AND_PIN,RECORDED,NO,LOW
LOG0116,2026-08-20T19:30:07,SESSION036,SACC001,LegacyERP,BULK_DATA_IMPORT,ORG001,SRV-66531,OTP_TOKEN,RECORDED,NO,HIGH
LOG0117,2026-08-20T19:35:32,SESSION036,SACC001,LegacyERP,LOGIN,ORG001,SRV-66531,SMARTCARD_AND_PIN,RECORDED,NO,LOW
LOG0009,2026-08-22T11:13:53,SESSION006,SACC002,LegacyERP,VIEW_FINANCIAL_REPORT,ORG001,MB-30730,SMARTCARD_AND_PIN,RECORDED,NO,MEDIUM
LOG0010,2026-08-22T11:21:37,SESSION006,SACC002,LegacyERP,MODIFY_BUDGET_ENTRY,ORG001,MB-30730,OTP_TOKEN,RECORDED,NO,HIGH
LOG0048,2026-08-22T16:50:39,SESSION008,SACC003,GovPortal,DELETE_CITIZEN_RECORD,ORG001,WS-24662,SMARTCARD_AND_PIN,RECORDED,NO,CRITICAL
LOG0049,2026-08-22T16:53:12,SESSION008,SACC003,GovPortal,LOGIN,ORG001,WS-24662,SMARTCARD_AND_PIN,RECORDED,NO,LOW
LOG0050,2026-08-22T16:58:33,SESSION008,SACC003,GovPortal,DELETE_CITIZEN_RECORD,ORG001,WS-24662,SMARTCARD_AND_PIN,RECORDED,NO,CRITICAL
LOG0002,2026-08-23T00:22:32,SESSION047,SACC006,HRManagement,VIEW_EMPLOYEE_RECORD,ORG004,WS-85456,OTP_TOKEN,RECORDED,NO,MEDIUM
LOG0003,2026-08-23T00:25:20,SESSION047,SACC006,HRManagement,LOGIN,ORG004,WS-85456,OTP_TOKEN,RECORDED,NO,LOW
LOG0004,2026-08-23T00:30:01,SESSION047,SACC006,HRManagement,MODIFY_SALARY,ORG004,WS-85456,PASSWORD_ONLY,RECORDED,NO,CRITICAL
LOG0061,2026-08-23T12:38:03,SESSION044,SACC007,ProcurementHub,VIEW_PROCUREMENT_LOG,ORG001,SRV-42406,OTP_TOKEN,RECORDED,NO,LOW
LOG0062,2026-08-23T12:38:34,SESSION044,SACC007,ProcurementHub,LOGIN,ORG001,SRV-42406,BIOMETRIC_AND_PIN,RECORDED,NO,LOW
LOG0063,2026-08-23T12:42:53,SESSION044,SACC007,ProcurementHub,VIEW_VENDOR_RECORD,ORG001,SRV-42406,OTP_TOKEN,RECORDED,NO,LOW
LOG0027,2026-08-23T15:46:28,SESSION080,SACC005,CoreDatabase,LOGIN,ORG002,WS-92578,OTP_TOKEN,RECORDED,NO,LOW
LOG0028,2026-08-23T15:55:06,SESSION080,SACC005,CoreDatabase,BULK_DELETE_RECORDS,ORG002,WS-92578,SMARTCARD_AND_PIN,RECORDED,NO,CRITICAL
LOG0029,2026-08-23T16:01:16,SESSION080,SACC005,CoreDatabase,DROP_TABLE,ORG002,WS-92578,OTP_TOKEN,RECORDED,NO,CRITICAL
LOG0096,2026-08-24T01:41:07,SESSION063,SACC008,AuditTrailSystem,LOGIN,ORG001,MB-45509,OTP_TOKEN,RECORDED,NO,LOW
LOG0097,2026-08-24T01:46:36,SESSION063,SACC008,AuditTrailSystem,EXPORT_AUDIT_REPORT,ORG001,MB-45509,SMARTCARD_AND_PIN,RECORDED,NO,MEDIUM
LOG0098,2026-08-24T01:55:25,SESSION063,SACC008,AuditTrailSystem,VIEW_AUDIT_LOG,ORG001,MB-45509,PASSWORD_ONLY,RECORDED,NO,LOW
LOG0123,2026-08-24T07:05:13,SESSION061,SACC005,CoreDatabase,RESTORE_DATABASE,ORG001,MB-82768,BIOMETRIC_AND_PIN,RECORDED,NO,CRITICAL
LOG0039,2026-08-25T18:37:36,SESSION014,SACC003,GovPortal,VIEW_AUDIT_LOG,ORG004,MB-56438,PASSWORD_ONLY,RECORDED,NO,LOW
LOG0060,2026-08-26T05:42:13,SESSION055,SACC005,CoreDatabase,VIEW_SENSITIVE_TABLE,ORG001,WS-87607,SMARTCARD_AND_PIN,RECORDED,NO,HIGH
LOG0140,2026-08-27T01:13:56,SESSION020,SACC001,LegacyERP,MODIFY_BUDGET_ENTRY,ORG004,LT-18981,OTP_TOKEN,RECORDED,NO,HIGH
LOG0056,2026-08-27T11:21:46,SESSION070,SACC005,CoreDatabase,MODIFY_SCHEMA,ORG004,LT-91987,PASSWORD_ONLY,RECORDED,NO,CRITICAL
LOG0110,2026-08-29T17:18:44,SESSION025,SACC005,CoreDatabase,BACKUP_DATABASE,ORG004,WS-27601,PASSWORD_ONLY,RECORDED,NO,HIGH
LOG0111,2026-08-29T17:21:35,SESSION025,SACC005,CoreDatabase,GRANT_DB_ACCESS,ORG004,WS-27601,PASSWORD_ONLY,PERMISSION_DENIED,NO,CRITICAL
LOG0112,2026-08-29T17:26:23,SESSION025,SACC005,CoreDatabase,GRANT_DB_ACCESS,ORG004,WS-27601,NONE,PERMISSION_DENIED,NO,CRITICAL
LOG0008,2026-08-30T20:03:26,SESSION037,SACC006,HRManagement,EXPORT_HR_DATA,ORG001,SRV-97410,PASSWORD_ONLY,PERMISSION_DENIED,NO,HIGH
LOG0051,2026-08-31T04:25:46,SESSION045,SACC008,AuditTrailSystem,SEARCH_LOG_ENTRIES,ORG003,SRV-54020,PASSWORD_ONLY,RECORDED,NO,LOW
LOG0087,2026-09-01T11:18:27,SESSION001,SACC005,CoreDatabase,BACKUP_DATABASE,ORG001,WS-51347,BIOMETRIC_AND_PIN,RECORDED,NO,HIGH
LOG0088,2026-09-01T11:25:54,SESSION001,SACC005,CoreDatabase,MODIFY_SCHEMA,ORG001,WS-51347,OTP_TOKEN,RECORDED,NO,CRITICAL
LOG0019,2026-09-01T17:57:12,SESSION003,SACC007,ProcurementHub,MODIFY_CONTRACT,ORG004,SRV-86622,PASSWORD_ONLY,RECORDED,NO,HIGH
LOG0020,2026-09-01T17:58:37,SESSION003,SACC007,ProcurementHub,BLACKLIST_VENDOR,ORG004,SRV-86622,OTP_TOKEN,RECORDED,NO,HIGH
LOG0021,2026-09-01T18:03:53,SESSION003,SACC007,ProcurementHub,VIEW_PROCUREMENT_LOG,ORG004,SRV-86622,BIOMETRIC_AND_PIN,RECORDED,NO,LOW
LOG0065,2026-09-02T00:07:33,SESSION023,SACC003,GovPortal,VIEW_AUDIT_LOG,ORG004,WS-19602,VPN_CERTIFICATE,RECORDED,NO,LOW
LOG0066,2026-09-02T00:07:45,SESSION023,SACC003,GovPortal,UPDATE_CITIZEN_RECORD,ORG004,WS-19602,VPN_CERTIFICATE,RECORDED,NO,HIGH
LOG0057,2026-09-02T01:03:46,SESSION062,SACC008,AuditTrailSystem,VIEW_AUDIT_LOG,ORG004,LT-50135,OTP_TOKEN,RECORDED,NO,LOW
LOG0058,2026-09-02T01:05:37,SESSION062,SACC008,AuditTrailSystem,EXPORT_AUDIT_REPORT,ORG004,LT-50135,PASSWORD_ONLY,RECORDED,NO,MEDIUM
LOG0093,2026-09-03T03:47:25,SESSION022,SACC007,ProcurementHub,MODIFY_CONTRACT,ORG002,LT-44814,OTP_TOKEN,RECORDED,NO,HIGH
LOG0094,2026-09-03T03:53:12,SESSION022,SACC007,ProcurementHub,VIEW_PROCUREMENT_LOG,ORG002,LT-44814,SMARTCARD_AND_PIN,RECORDED,NO,LOW
LOG0095,2026-09-03T04:00:22,SESSION022,SACC007,ProcurementHub,APPROVE_VENDOR,ORG002,LT-44814,OTP_TOKEN,RECORDED,NO,HIGH
LOG0113,2026-09-03T09:19:51,SESSION010,SACC003,GovPortal,DELETE_CITIZEN_RECORD,ORG002,MB-37760,BIOMETRIC_AND_PIN,RECORDED,NO,CRITICAL
LOG0114,2026-09-03T09:24:40,SESSION010,SACC003,GovPortal,VIEW_CITIZEN_RECORD,ORG002,MB-37760,OTP_TOKEN,RECORDED,NO,MEDIUM
LOG0115,2026-09-03T09:26:46,SESSION010,SACC003,GovPortal,UPDATE_CITIZEN_RECORD,ORG002,MB-37760,BIOMETRIC_AND_PIN,RECORDED,NO,HIGH
LOG0106,2026-09-03T09:59:19,SESSION033,SACC001,LegacyERP,LOGIN,ORG004,MB-99065,VPN_CERTIFICATE,RECORDED,NO,LOW
